{"cameraMode":{"drawMode":0,"name":"Shaded","section":"Shading Mode"},"sceneLighting":false,"audioPlay":false,"sceneViewState":{"m_AlwaysRefresh":false,"showFog":true,"showSkybox":false,"showFlares":true,"showImageEffects":true,"showParticleSystems":true,"showVisualEffectGraphs":true,"m_FxEnabled":true},"in2DMode":false,"pivot":{"x":-2.809999942779541,"y":15.139873504638672,"z":-4.484084129333496},"rotation":{"x":0.04938001558184624,"y":-0.008986160159111023,"z":-0.0004420628829393536,"w":-0.998755931854248},"size":13.664634704589844,"orthographic":false}